<keymap version="1" name="Default for macOS copy" parent="Mac OS X 10.5+">
  <action id="ActivateDatabaseToolWindow">
    <keyboard-shortcut first-keystroke="meta 2" />
  </action>
  <action id="ActivateFavoritesToolWindow" />
  <action id="ActivateMessagesToolWindow" />
  <action id="ActivateTerminalToolWindow">
    <keyboard-shortcut first-keystroke="meta 0" />
  </action>
  <action id="CheckinProject">
    <keyboard-shortcut first-keystroke="ctrl meta alt g" second-keystroke="c" />
  </action>
  <action id="DuplicatesForm.SendToRight" />
  <action id="EditorDecreaseFontSize">
    <keyboard-shortcut first-keystroke="ctrl meta alt down" />
  </action>
  <action id="EditorGutterToggleGlobalLineNumbers">
    <keyboard-shortcut first-keystroke="shift ctrl meta alt l" />
  </action>
  <action id="EditorIncreaseFontSize">
    <keyboard-shortcut first-keystroke="ctrl meta alt up" />
  </action>
  <action id="EditorToggleShowGutterIcons">
    <keyboard-shortcut first-keystroke="shift ctrl meta alt g" />
  </action>
  <action id="EditorToggleShowLineNumbers">
    <keyboard-shortcut first-keystroke="ctrl meta alt l" />
  </action>
  <action id="FileChooser.GotoProject" />
  <action id="FrameSwitchAction">
    <keyboard-shortcut first-keystroke="alt f2" />
    <keyboard-shortcut first-keystroke="alt tab" />
  </action>
  <action id="Git.Branches">
    <keyboard-shortcut first-keystroke="ctrl meta alt g" second-keystroke="b" />
  </action>
  <action id="Git.Merge">
    <keyboard-shortcut first-keystroke="ctrl meta alt g" second-keystroke="m" />
  </action>
  <action id="Git.Pull">
    <keyboard-shortcut first-keystroke="ctrl meta alt g" second-keystroke="p" />
  </action>
  <action id="Git.Tag">
    <keyboard-shortcut first-keystroke="ctrl meta alt g" second-keystroke="t" />
  </action>
  <action id="MavenHelper.QuickRunMavenGoal">
    <keyboard-shortcut first-keystroke="ctrl meta alt m" second-keystroke="m" />
  </action>
  <action id="MavenRunHelperClean">
    <keyboard-shortcut first-keystroke="ctrl meta alt m" second-keystroke="c" />
  </action>
  <action id="MavenRunHelperCompile">
    <keyboard-shortcut first-keystroke="ctrl meta alt m" second-keystroke="shift c" />
  </action>
  <action id="MavenRunHelperInstall">
    <keyboard-shortcut first-keystroke="ctrl meta alt m" second-keystroke="i" />
  </action>
  <action id="MavenRunHelperPackage">
    <keyboard-shortcut first-keystroke="ctrl meta alt m" second-keystroke="p" />
  </action>
  <action id="MavenRunHelperTest">
    <keyboard-shortcut first-keystroke="ctrl meta alt m" second-keystroke="t" />
  </action>
  <action id="MavenRunHelperValidate">
    <keyboard-shortcut first-keystroke="ctrl meta alt m" second-keystroke="v" />
  </action>
  <action id="NextSplitter" />
  <action id="Vcs.Push">
    <keyboard-shortcut first-keystroke="ctrl meta alt g" second-keystroke="shift p" />
  </action>
</keymap>