<application>
  <component name="GrepConsole">
    <option name="profiles">
      <list>
        <Profile>
          <option name="defaultProfile" value="true" />
          <option name="enableMaxLengthGrepLimit" value="false" />
          <option name="enableMaxLengthLimit" value="false" />
          <option name="grepExpressionGroups">
            <list>
              <GrepExpressionGroup>
                <option name="grepExpressionItems">
                  <list>
                    <GrepExpressionItem>
                      <option name="grepExpression" value=".*FATAL.*" />
                      <option name="style">
                        <GrepStyle>
                          <option name="backgroundColor">
                            <GrepColor>
                              <option name="color" value="-8181200" />
                              <option name="enabled" value="true" />
                            </GrepColor>
                          </option>
                          <option name="bold" value="true" />
                          <option name="foregroundColor">
                            <GrepColor>
                              <option name="color" value="-1541" />
                              <option name="enabled" value="true" />
                            </GrepColor>
                          </option>
                        </GrepStyle>
                      </option>
                    </GrepExpressionItem>
                    <GrepExpressionItem>
                      <option name="grepExpression" value=".*ERROR.*" />
                      <option name="style">
                        <GrepStyle>
                          <option name="backgroundColor">
                            <GrepColor>
                              <option name="color" value="-13172736" />
                            </GrepColor>
                          </option>
                          <option name="foregroundColor">
                            <GrepColor>
                              <option name="color" value="-8181200" />
                              <option name="enabled" value="true" />
                            </GrepColor>
                          </option>
                        </GrepStyle>
                      </option>
                    </GrepExpressionItem>
                    <GrepExpressionItem>
                      <option name="grepExpression" value=".*WARN.*" />
                      <option name="style">
                        <GrepStyle>
                          <option name="backgroundColor">
                            <GrepColor>
                              <option name="color" value="-15073225" />
                            </GrepColor>
                          </option>
                          <option name="foregroundColor">
                            <GrepColor>
                              <option name="color" value="-17663" />
                              <option name="enabled" value="true" />
                            </GrepColor>
                          </option>
                        </GrepStyle>
                      </option>
                    </GrepExpressionItem>
                    <GrepExpressionItem>
                      <option name="enabled" value="false" />
                      <option name="grepExpression" value=".*INFO.*" />
                    </GrepExpressionItem>
                    <GrepExpressionItem>
                      <option name="grepExpression" value=".*DEBUG.*" />
                      <option name="style">
                        <GrepStyle>
                          <option name="foregroundColor">
                            <GrepColor>
                              <option name="color" value="-8355712" />
                              <option name="enabled" value="true" />
                            </GrepColor>
                          </option>
                        </GrepStyle>
                      </option>
                    </GrepExpressionItem>
                    <GrepExpressionItem>
                      <option name="grepExpression" value=".*TRACE.*" />
                      <option name="style">
                        <GrepStyle>
                          <option name="foregroundColor">
                            <GrepColor>
                              <option name="enabled" value="true" />
                            </GrepColor>
                          </option>
                        </GrepStyle>
                      </option>
                    </GrepExpressionItem>
                    <GrepExpressionItem>
                      <option name="continueMatching" value="true" />
                      <option name="grepExpression" value="#### BPM CALL ####.*" />
                      <option name="highlightOnlyMatchingText" value="true" />
                      <option name="operationOnMatch" value="CONTINUE_MATCHING" />
                      <option name="style">
                        <GrepStyle>
                          <option name="backgroundColor">
                            <GrepColor>
                              <option name="color" value="-13943728" />
                            </GrepColor>
                          </option>
                          <option name="bold" value="true" />
                          <option name="foregroundColor">
                            <GrepColor>
                              <option name="color" value="-14697420" />
                              <option name="enabled" value="true" />
                            </GrepColor>
                          </option>
                        </GrepStyle>
                      </option>
                    </GrepExpressionItem>
                  </list>
                </option>
                <option name="name" value="default" />
              </GrepExpressionGroup>
            </list>
          </option>
          <option name="id" value="1573633877008" />
          <option name="inputFilterGroups">
            <list>
              <GrepExpressionGroup>
                <option name="grepExpressionItems">
                  <list>
                    <GrepExpressionItem>
                      <option name="action" value="REMOVE" />
                      <option name="enabled" value="false" />
                      <option name="grepExpression" value=".*unwanted line.*" />
                    </GrepExpressionItem>
                    <GrepExpressionItem>
                      <option name="action" value="REMOVE_UNLESS_PREVIOUSLY_MATCHED" />
                      <option name="enabled" value="false" />
                      <option name="grepExpression" value=".*unwanted line.*" />
                    </GrepExpressionItem>
                  </list>
                </option>
                <option name="name" value="default" />
              </GrepExpressionGroup>
            </list>
          </option>
          <option name="name" value="default" />
        </Profile>
      </list>
    </option>
    <option name="version" value="1" />
  </component>
</application>