<keymap version="1" name="XWin-Enhanced" parent="Default for XWin">
  <action id="$Delete">
    <keyboard-shortcut first-keystroke="delete" />
    <keyboard-shortcut first-keystroke="back_space" />
  </action>
  <action id="ActivateCommitToolWindow" />
  <action id="ActivateDatabaseToolWindow">
    <keyboard-shortcut first-keystroke="alt 2" />
  </action>
  <action id="ActivateFavoritesToolWindow" />
  <action id="ActivateTerminalToolWindow">
    <keyboard-shortcut first-keystroke="alt 0" />
  </action>
  <action id="ChangesView.GroupBy.Module" />
  <action id="CheckinProject">
    <keyboard-shortcut first-keystroke="ctrl alt g" second-keystroke="c" />
  </action>
  <action id="Console.History.Browse" />
  <action id="DatabaseView.SqlGenerator" />
  <action id="Editor Delete">
    <keyboard-shortcut first-keystroke="back_space" />
  </action>
  <action id="EditorBackSpace">
    <keyboard-shortcut first-keystroke="shift back_space" />
  </action>
  <action id="ExternalSystem.ProjectRefreshAction" />
  <action id="ExtractFunction" />
  <action id="ExtractMethod" />
  <action id="FileChooser.NewFolder">
    <keyboard-shortcut first-keystroke="alt insert" />
  </action>
  <action id="Find">
    <keyboard-shortcut first-keystroke="ctrl alt f" />
  </action>
  <action id="Git.Branches">
    <keyboard-shortcut first-keystroke="ctrl alt g" second-keystroke="b" />
  </action>
  <action id="Git.Commit.And.Push.Executor">
    <keyboard-shortcut first-keystroke="ctrl alt g" second-keystroke="shift p" />
  </action>
  <action id="Git.Merge">
    <keyboard-shortcut first-keystroke="ctrl alt g" second-keystroke="m" />
  </action>
  <action id="Git.Pull">
    <keyboard-shortcut first-keystroke="ctrl alt g" second-keystroke="p" />
  </action>
  <action id="Git.Stash">
    <keyboard-shortcut first-keystroke="ctrl alt g" second-keystroke="s" />
  </action>
  <action id="Git.Unstash">
    <keyboard-shortcut first-keystroke="ctrl alt g" second-keystroke="u" />
  </action>
  <action id="GotoChangedFile" />
  <action id="GotoClass" />
  <action id="GotoSymbol" />
  <action id="IdeaVim.ReloadVimRc.reload" />
  <action id="Images.Thumbnails.UpFolder" />
  <action id="IntroduceField" />
  <action id="IntroduceProperty" />
  <action id="Maven.ExecuteGoal">
    <keyboard-shortcut first-keystroke="ctrl alt m" second-keystroke="m" />
  </action>
  <action id="MethodHierarchy.OverrideMethodAction" />
  <action id="Mvc.RunTarget" />
  <action id="NewClass">
    <keyboard-shortcut first-keystroke="shift ctrl alt n" second-keystroke="c" />
  </action>
  <action id="NewElementInMenuGroup">
    <keyboard-shortcut first-keystroke="ctrl n" />
  </action>
  <action id="OverrideMethods" />
  <action id="RecentFiles">
    <keyboard-shortcut first-keystroke="ctrl alt e" />
  </action>
  <action id="Replace">
    <keyboard-shortcut first-keystroke="ctrl alt r" />
  </action>
  <action id="ShowFilterPopup" />
  <action id="SwitcherIterateItems">
    <keyboard-shortcut first-keystroke="ctrl alt e" />
  </action>
  <action id="TodoViewGroupByShowModules" />
  <action id="ToggleFindInSelection" />
  <action id="UsageGrouping.FileStructure" />
  <action id="UsageGrouping.Module" />
</keymap>